rut,nombre,telefono,correo
24406632,Merrill Benjamin,907435448,porttitor.interdum.Sed@sitametdapibus.net
10767233,Raymond Holmes,938215022,consequat.purus.Maecenas@felisorci.net
40253235,Ralph Buckley,953575650,lorem@molestie.co.uk
24707796,Paki English,991243897,ipsum.Phasellus.vitae@non.com
17517696,Keegan Weber,987261344,ac.risus@fringilla.ca
17073186,Jack Powers,912213453,Vivamus.rhoncus.Donec@pharetraQuisqueac.org
40902698,Knox Hickman,973658378,quis.arcu.vel@atsemmolestie.co.uk
6954076,Gareth Hurley,953444676,orci.luctus.et@ligula.edu
17764838,Lars Wright,982609934,quam.Pellentesque@pellentesquemassalobortis.org
29981105,Alfonso Lynch,937081127,aliquet.magna@odiovelest.org
11571119,Shad Mcclure,971218385,sem@malesuadaInteger.com
42017297,Ivor Forbes,928655259,sed.est@Suspendisse.ca
25724793,Amir Mclaughlin,929664608,Integer.eu@odiosagittis.net
20453057,Ulric Sims,988492229,mauris@Nuncsed.com
31014257,Melvin Ross,957930302,consequat.nec.mollis@loremvehicula.co.uk
43619394,Acton Walter,919301880,id@magna.edu
33093151,Keefe Delgado,904096310,Nullam.scelerisque@scelerisque.ca
44623379,Nasim Rivers,904076814,nisl@justoPraesentluctus.com
22542954,Ralph Bowers,972459872,et.magnis@Uttinciduntorci.ca
43654306,Wylie Davidson,937913989,mi.enim.condimentum@egestasDuis.ca
8984426,Dexter Sampson,995913219,Fusce.feugiat.Lorem@bibendumullamcorperDuis.ca
25405126,Valentine Mcmillan,951767579,ligula@odio.org
42361180,Noble Hines,955061686,arcu@Maecenasliberoest.co.uk
22485090,Charles Quinn,994303255,mauris@in.co.uk
44577788,Ulysses Burch,951903344,Vestibulum.ante.ipsum@elit.net
48091481,Paul Velasquez,934497152,dolor.sit.amet@in.org
25131729,Quamar Ryan,916971389,mollis.Duis.sit@Aliquamgravida.ca
50536296,Lucius Kidd,976621904,commodo@malesuadaut.org
30546563,Malachi Mercado,999057713,vitae.posuere.at@duiSuspendisse.ca
45448222,Julian Gilliam,996491851,dolor.nonummy.ac@afacilisis.co.uk